{
  "version": "thinfile-logistic-v2-bootstrap",
  "trainedAt": "2026-06-30T15:11:20.433Z",
  "featureKeys": [
    "surplusRatio",
    "logIncome",
    "incomeVolatility",
    "incomeMonthsRatio",
    "gamblingRatio",
    "loanDependencyRatio",
    "cushionRatio",
    "balanceTrendRatio",
    "loanRepayRatio",
    "businessActivity"
  ],
  "mean": [
    0.1734310408714907,
    9.6038413493915,
    0.5666833333333339,
    0.5904333333333321,
    0.1036823333333331,
    0.16784016666666643,
    0.9129784067264882,
    -0.003869937427924861,
    0.8394598116089449,
    2.912493336305317
  ],
  "std": [
    0.21322676144909877,
    0.6934478956600967,
    0.3759474693653661,
    0.2825460650741583,
    0.14204074915749706,
    0.15313933618322562,
    0.6174756668644957,
    0.2980001038932926,
    0.2237596082734703,
    0.5941871106501997
  ],
  "coef": [
    -0.7820751054824143,
    -0.2579216232895845,
    0.42107849788572227,
    -0.33897252346073237,
    0.9486010960606931,
    0.4917573589689148,
    -0.2678779095197739,
    -0.18440678862526633,
    -0.1684507829799323,
    0.03353724638646284
  ],
  "intercept": -1.2440591710812825,
  "nObserved": 0,
  "nBootstrap": 6000,
  "metrics": {
    "auc": 0.8096,
    "ks": 0.4891,
    "brier": 0.1516,
    "n": 1200
  }
}
